STRUCTURE,STRUCTURE_ID,STRUCTURE_NAME,freq,Time frequency,unit,Unit of measure,indx,Index,coicop,Classification of individual consumption by purpose (COICOP),geo,Geopolitical entity (reporting),TIME_PERIOD,Time,OBS_VALUE,Observation value,OBS_FLAG,Observation status (Flag) V2 structure,CONF_STATUS,Confidentiality status (flag)
dataflow,ESTAT:PRC_FSC_IDX(1.0),Food price monitoring tool,A,Annual,I15,"Index, 2015=100",ACPI,Agricultural commodity price index,CP011,Food,AT,Austria,2016,,100.8858077,,e,estimated,,
dataflow,ESTAT:PRC_FSC_IDX(1.0),Food price monitoring tool,A,Annual,I15,"Index, 2015=100",ACPI,Agricultural commodity price index,CP011,Food,AT,Austria,2017,,104.8252244,,e,estimated,,
dataflow,ESTAT:PRC_FSC_IDX(1.0),Food price monitoring tool,A,Annual,I15,"Index, 2015=100",ACPI,Agricultural commodity price index,CP011,Food,AT,Austria,2018,,107.0486859,,e,estimated,,
dataflow,ESTAT:PRC_FSC_IDX(1.0),Food price monitoring tool,A,Annual,I15,"Index, 2015=100",ACPI,Agricultural commodity price index,CP011,Food,AT,Austria,2019,,108.2995833,,e,estimated,,
dataflow,ESTAT:PRC_FSC_IDX(1.0),Food price monitoring tool,A,Annual,I15,"Index, 2015=100",ACPI,Agricultural commodity price index,CP011,Food,AT,Austria,2020,,112.7846154,,be,"break in time series, estimated",,
dataflow,ESTAT:PRC_FSC_IDX(1.0),Food price monitoring tool,A,Annual,I15,"Index, 2015=100",ACPI,Agricultural commodity price index,CP011,Food,AT,Austria,2021,,119.2773718,,e,estimated,,
dataflow,ESTAT:PRC_FSC_IDX(1.0),Food price monitoring tool,A,Annual,I15,"Index, 2015=100",ACPI,Agricultural commodity price index,CP011,Food,AT,Austria,2022,,139.5213141,,e,estimated,,
dataflow,ESTAT:PRC_FSC_IDX(1.0),Food price monitoring tool,A,Annual,I15,"Index, 2015=100",ACPI,Agricultural commodity price index,CP011,Food,AT,Austria,2023,,147.3166346,,e,estimated,,
dataflow,ESTAT:PRC_FSC_IDX(1.0),Food price monitoring tool,A,Annual,I15,"Index, 2015=100",ACPI,Agricultural commodity price index,CP011,Food,AT,Austria,2024,,144.813875,,e,estimated,,
dataflow,ESTAT:PRC_FSC_IDX(1.0),Food price monitoring tool,A,Annual,I15,"Index, 2015=100",ACPI,Agricultural commodity price index,CP011,Food,BE,Belgium,2016,,100.8612253,,e,estimated,,
dataflow,ESTAT:PRC_FSC_IDX(1.0),Food price monitoring tool,A,Annual,I15,"Index, 2015=100",ACPI,Agricultural commodity price index,CP011,Food,BE,Belgium,2017,,106.0731683,,e,estimated,,
dataflow,ESTAT:PRC_FSC_IDX(1.0),Food price monitoring tool,A,Annual,I15,"Index, 2015=100",ACPI,Agricultural commodity price index,CP011,Food,BE,Belgium,2018,,109.3119472,,e,estimated,,
dataflow,ESTAT:PRC_FSC_IDX(1.0),Food price monitoring tool,A,Annual,I15,"Index, 2015=100",ACPI,Agricultural commodity price index,CP011,Food,BE,Belgium,2019,,109.579934,,e,estimated,,
dataflow,ESTAT:PRC_FSC_IDX(1.0),Food price monitoring tool,A,Annual,I15,"Index, 2015=100",ACPI,Agricultural commodity price index,CP011,Food,BE,Belgium,2020,,111.6777558,,be,"break in time series, estimated",,
dataflow,ESTAT:PRC_FSC_IDX(1.0),Food price monitoring tool,A,Annual,I15,"Index, 2015=100",ACPI,Agricultural commodity price index,CP011,Food,BE,Belgium,2021,,116.9842574,,e,estimated,,
dataflow,ESTAT:PRC_FSC_IDX(1.0),Food price monitoring tool,A,Annual,I15,"Index, 2015=100",ACPI,Agricultural commodity price index,CP011,Food,BE,Belgium,2022,,136.370033,,e,estimated,,
dataflow,ESTAT:PRC_FSC_IDX(1.0),Food price monitoring tool,A,Annual,I15,"Index, 2015=100",ACPI,Agricultural commodity price index,CP011,Food,BE,Belgium,2023,,145.97033,,e,estimated,,
dataflow,ESTAT:PRC_FSC_IDX(1.0),Food price monitoring tool,A,Annual,I15,"Index, 2015=100",ACPI,Agricultural commodity price index,CP011,Food,BE,Belgium,2024,,151.9452743,,e,estimated,,
dataflow,ESTAT:PRC_FSC_IDX(1.0),Food price monitoring tool,A,Annual,I15,"Index, 2015=100",ACPI,Agricultural commodity price index,CP011,Food,BG,Bulgaria,2016,,99.2306875,,e,estimated,,
dataflow,ESTAT:PRC_FSC_IDX(1.0),Food price monitoring tool,A,Annual,I15,"Index, 2015=100",ACPI,Agricultural commodity price index,CP011,Food,BG,Bulgaria,2017,,102.6905208,,e,estimated,,
dataflow,ESTAT:PRC_FSC_IDX(1.0),Food price monitoring tool,A,Annual,I15,"Index, 2015=100",ACPI,Agricultural commodity price index,CP011,Food,BG,Bulgaria,2018,,103.0623958,,e,estimated,,
dataflow,ESTAT:PRC_FSC_IDX(1.0),Food price monitoring tool,A,Annual,I15,"Index, 2015=100",ACPI,Agricultural commodity price index,CP011,Food,BG,Bulgaria,2019,,106.6983333,,e,estimated,,
dataflow,ESTAT:PRC_FSC_IDX(1.0),Food price monitoring tool,A,Annual,I15,"Index, 2015=100",ACPI,Agricultural commodity price index,CP011,Food,BG,Bulgaria,2020,,110.1282292,,be,"break in time series, estimated",,
dataflow,ESTAT:PRC_FSC_IDX(1.0),Food price monitoring tool,A,Annual,I15,"Index, 2015=100",ACPI,Agricultural commodity price index,CP011,Food,BG,Bulgaria,2021,,117.4760938,,e,estimated,,
dataflow,ESTAT:PRC_FSC_IDX(1.0),Food price monitoring tool,A,Annual,I15,"Index, 2015=100",ACPI,Agricultural commodity price index,CP011,Food,BG,Bulgaria,2022,,146.9553646,,e,estimated,,
dataflow,ESTAT:PRC_FSC_IDX(1.0),Food price monitoring tool,A,Annual,I15,"Index, 2015=100",ACPI,Agricultural commodity price index,CP011,Food,BG,Bulgaria,2023,,154.4282552,,e,estimated,,
dataflow,ESTAT:PRC_FSC_IDX(1.0),Food price monitoring tool,A,Annual,I15,"Index, 2015=100",ACPI,Agricultural commodity price index,CP011,Food,BG,Bulgaria,2024,,160.2793269,,e,estimated,,
dataflow,ESTAT:PRC_FSC_IDX(1.0),Food price monitoring tool,A,Annual,I15,"Index, 2015=100",ACPI,Agricultural commodity price index,CP011,Food,HR,Croatia,2016,,99.14235484,,e,estimated,,
dataflow,ESTAT:PRC_FSC_IDX(1.0),Food price monitoring tool,A,Annual,I15,"Index, 2015=100",ACPI,Agricultural commodity price index,CP011,Food,HR,Croatia,2017,,101.9836022,,e,estimated,,
dataflow,ESTAT:PRC_FSC_IDX(1.0),Food price monitoring tool,A,Annual,I15,"Index, 2015=100",ACPI,Agricultural commodity price index,CP011,Food,HR,Croatia,2018,,102.5188172,,e,estimated,,
dataflow,ESTAT:PRC_FSC_IDX(1.0),Food price monitoring tool,A,Annual,I15,"Index, 2015=100",ACPI,Agricultural commodity price index,CP011,Food,HR,Croatia,2019,,103.5716129,,e,estimated,,
dataflow,ESTAT:PRC_FSC_IDX(1.0),Food price monitoring tool,A,Annual,I15,"Index, 2015=100",ACPI,Agricultural commodity price index,CP011,Food,HR,Croatia,2020,,106.4837097,,be,"break in time series, estimated",,
dataflow,ESTAT:PRC_FSC_IDX(1.0),Food price monitoring tool,A,Annual,I15,"Index, 2015=100",ACPI,Agricultural commodity price index,CP011,Food,HR,Croatia,2021,,113.1757796,,e,estimated,,
dataflow,ESTAT:PRC_FSC_IDX(1.0),Food price monitoring tool,A,Annual,I15,"Index, 2015=100",ACPI,Agricultural commodity price index,CP011,Food,HR,Croatia,2022,,134.6626344,,e,estimated,,
dataflow,ESTAT:PRC_FSC_IDX(1.0),Food price monitoring tool,A,Annual,I15,"Index, 2015=100",ACPI,Agricultural commodity price index,CP011,Food,HR,Croatia,2023,,142.2319624,,e,estimated,,
dataflow,ESTAT:PRC_FSC_IDX(1.0),Food price monitoring tool,A,Annual,I15,"Index, 2015=100",ACPI,Agricultural commodity price index,CP011,Food,HR,Croatia,2024,,142.9238,,e,estimated,,
dataflow,ESTAT:PRC_FSC_IDX(1.0),Food price monitoring tool,A,Annual,I15,"Index, 2015=100",ACPI,Agricultural commodity price index,CP011,Food,CY,Cyprus,2016,,100.3673061,,e,estimated,,
dataflow,ESTAT:PRC_FSC_IDX(1.0),Food price monitoring tool,A,Annual,I15,"Index, 2015=100",ACPI,Agricultural commodity price index,CP011,Food,CY,Cyprus,2017,,103.0397251,,e,estimated,,
dataflow,ESTAT:PRC_FSC_IDX(1.0),Food price monitoring tool,A,Annual,I15,"Index, 2015=100",ACPI,Agricultural commodity price index,CP011,Food,CY,Cyprus,2018,,105.2583505,,e,estimated,,
dataflow,ESTAT:PRC_FSC_IDX(1.0),Food price monitoring tool,A,Annual,I15,"Index, 2015=100",ACPI,Agricultural commodity price index,CP011,Food,CY,Cyprus,2019,,107.2219244,,e,estimated,,
dataflow,ESTAT:PRC_FSC_IDX(1.0),Food price monitoring tool,A,Annual,I15,"Index, 2015=100",ACPI,Agricultural commodity price index,CP011,Food,CY,Cyprus,2020,,106.153771,,be,"break in time series, estimated",,
dataflow,ESTAT:PRC_FSC_IDX(1.0),Food price monitoring tool,A,Annual,I15,"Index, 2015=100",ACPI,Agricultural commodity price index,CP011,Food,CY,Cyprus,2021,,108.330303,,e,estimated,,
dataflow,ESTAT:PRC_FSC_IDX(1.0),Food price monitoring tool,A,Annual,I15,"Index, 2015=100",ACPI,Agricultural commodity price index,CP011,Food,CY,Cyprus,2022,,124.9354545,,e,estimated,,
dataflow,ESTAT:PRC_FSC_IDX(1.0),Food price monitoring tool,A,Annual,I15,"Index, 2015=100",ACPI,Agricultural commodity price index,CP011,Food,CY,Cyprus,2023,,131.2182155,,e,estimated,,
dataflow,ESTAT:PRC_FSC_IDX(1.0),Food price monitoring tool,A,Annual,I15,"Index, 2015=100",ACPI,Agricultural commodity price index,CP011,Food,CY,Cyprus,2024,,138.0814667,,e,estimated,,
dataflow,ESTAT:PRC_FSC_IDX(1.0),Food price monitoring tool,A,Annual,I15,"Index, 2015=100",ACPI,Agricultural commodity price index,CP011,Food,CZ,Czechia,2016,,98.51862069,,e,estimated,,
dataflow,ESTAT:PRC_FSC_IDX(1.0),Food price monitoring tool,A,Annual,I15,"Index, 2015=100",ACPI,Agricultural commodity price index,CP011,Food,CZ,Czechia,2017,,103.1474138,,e,estimated,,
dataflow,ESTAT:PRC_FSC_IDX(1.0),Food price monitoring tool,A,Annual,I15,"Index, 2015=100",ACPI,Agricultural commodity price index,CP011,Food,CZ,Czechia,2018,,103.441092,,e,estimated,,
dataflow,ESTAT:PRC_FSC_IDX(1.0),Food price monitoring tool,A,Annual,I15,"Index, 2015=100",ACPI,Agricultural commodity price index,CP011,Food,CZ,Czechia,2019,,107.9106322,,e,estimated,,
dataflow,ESTAT:PRC_FSC_IDX(1.0),Food price monitoring tool,A,Annual,I15,"Index, 2015=100",ACPI,Agricultural commodity price index,CP011,Food,CZ,Czechia,2020,,110.0126437,,be,"break in time series, estimated",,
dataflow,ESTAT:PRC_FSC_IDX(1.0),Food price monitoring tool,A,Annual,I15,"Index, 2015=100",ACPI,Agricultural commodity price index,CP011,Food,CZ,Czechia,2021,,113.9893678,,e,estimated,,
dataflow,ESTAT:PRC_FSC_IDX(1.0),Food price monitoring tool,A,Annual,I15,"Index, 2015=100",ACPI,Agricultural commodity price index,CP011,Food,CZ,Czechia,2022,,135.0186782,,e,estimated,,
dataflow,ESTAT:PRC_FSC_IDX(1.0),Food price monitoring tool,A,Annual,I15,"Index, 2015=100",ACPI,Agricultural commodity price index,CP011,Food,CZ,Czechia,2023,,141.1163793,,e,estimated,,
dataflow,ESTAT:PRC_FSC_IDX(1.0),Food price monitoring tool,A,Annual,I15,"Index, 2015=100",ACPI,Agricultural commodity price index,CP011,Food,CZ,Czechia,2024,,143.0188406,,e,estimated,,
dataflow,ESTAT:PRC_FSC_IDX(1.0),Food price monitoring tool,A,Annual,I15,"Index, 2015=100",ACPI,Agricultural commodity price index,CP011,Food,DK,Denmark,2016,,100.175,,e,estimated,,
dataflow,ESTAT:PRC_FSC_IDX(1.0),Food price monitoring tool,A,Annual,I15,"Index, 2015=100",ACPI,Agricultural commodity price index,CP011,Food,DK,Denmark,2017,,105.2964744,,e,estimated,,
dataflow,ESTAT:PRC_FSC_IDX(1.0),Food price monitoring tool,A,Annual,I15,"Index, 2015=100",ACPI,Agricultural commodity price index,CP011,Food,DK,Denmark,2018,,105.4121795,,e,estimated,,
dataflow,ESTAT:PRC_FSC_IDX(1.0),Food price monitoring tool,A,Annual,I15,"Index, 2015=100",ACPI,Agricultural commodity price index,CP011,Food,DK,Denmark,2019,,108.7902913,,e,estimated,,
dataflow,ESTAT:PRC_FSC_IDX(1.0),Food price monitoring tool,A,Annual,I15,"Index, 2015=100",ACPI,Agricultural commodity price index,CP011,Food,DK,Denmark,2020,,109.5115385,,be,"break in time series, estimated",,
dataflow,ESTAT:PRC_FSC_IDX(1.0),Food price monitoring tool,A,Annual,I15,"Index, 2015=100",ACPI,Agricultural commodity price index,CP011,Food,DK,Denmark,2021,,112.3401961,,e,estimated,,
dataflow,ESTAT:PRC_FSC_IDX(1.0),Food price monitoring tool,A,Annual,I15,"Index, 2015=100",ACPI,Agricultural commodity price index,CP011,Food,DK,Denmark,2022,,133.5016026,,e,estimated,,
dataflow,ESTAT:PRC_FSC_IDX(1.0),Food price monitoring tool,A,Annual,I15,"Index, 2015=100",ACPI,Agricultural commodity price index,CP011,Food,DK,Denmark,2023,,140.9525641,,e,estimated,,
dataflow,ESTAT:PRC_FSC_IDX(1.0),Food price monitoring tool,A,Annual,I15,"Index, 2015=100",ACPI,Agricultural commodity price index,CP011,Food,DK,Denmark,2024,,141.1241667,,e,estimated,,
dataflow,ESTAT:PRC_FSC_IDX(1.0),Food price monitoring tool,A,Annual,I15,"Index, 2015=100",HICP,Harmonised index of consumer prices,CP011,Food,EE,Estonia,2016,,101.1152778,,,,,
dataflow,ESTAT:PRC_FSC_IDX(1.0),Food price monitoring tool,A,Annual,I15,"Index, 2015=100",HICP,Harmonised index of consumer prices,CP011,Food,EE,Estonia,2017,,107.1234722,,,,,
dataflow,ESTAT:PRC_FSC_IDX(1.0),Food price monitoring tool,A,Annual,I15,"Index, 2015=100",HICP,Harmonised index of consumer prices,CP011,Food,EE,Estonia,2018,,108.8540278,,,,,
dataflow,ESTAT:PRC_FSC_IDX(1.0),Food price monitoring tool,A,Annual,I15,"Index, 2015=100",HICP,Harmonised index of consumer prices,CP011,Food,EE,Estonia,2019,,111.9699537,,,,,
dataflow,ESTAT:PRC_FSC_IDX(1.0),Food price monitoring tool,A,Annual,I15,"Index, 2015=100",HICP,Harmonised index of consumer prices,CP011,Food,EE,Estonia,2020,,112.9216667,,,,,
dataflow,ESTAT:PRC_FSC_IDX(1.0),Food price monitoring tool,A,Annual,I15,"Index, 2015=100",HICP,Harmonised index of consumer prices,CP011,Food,EE,Estonia,2021,,117.3598611,,,,,
dataflow,ESTAT:PRC_FSC_IDX(1.0),Food price monitoring tool,A,Annual,I15,"Index, 2015=100",HICP,Harmonised index of consumer prices,CP011,Food,EE,Estonia,2022,,141.6951852,,,,,
dataflow,ESTAT:PRC_FSC_IDX(1.0),Food price monitoring tool,A,Annual,I15,"Index, 2015=100",HICP,Harmonised index of consumer prices,CP011,Food,EE,Estonia,2023,,159.2435648,,,,,
dataflow,ESTAT:PRC_FSC_IDX(1.0),Food price monitoring tool,A,Annual,I15,"Index, 2015=100",HICP,Harmonised index of consumer prices,CP011,Food,EE,Estonia,2024,,163.8157488,,,,,
dataflow,ESTAT:PRC_FSC_IDX(1.0),Food price monitoring tool,A,Annual,I15,"Index, 2015=100",ACPI,Agricultural commodity price index,CP011,Food,FI,Finland,2016,,99.83555172,,e,estimated,,
dataflow,ESTAT:PRC_FSC_IDX(1.0),Food price monitoring tool,A,Annual,I15,"Index, 2015=100",ACPI,Agricultural commodity price index,CP011,Food,FI,Finland,2017,,103.4924713,,e,estimated,,
dataflow,ESTAT:PRC_FSC_IDX(1.0),Food price monitoring tool,A,Annual,I15,"Index, 2015=100",ACPI,Agricultural commodity price index,CP011,Food,FI,Finland,2018,,104.5883046,,e,estimated,,
dataflow,ESTAT:PRC_FSC_IDX(1.0),Food price monitoring tool,A,Annual,I15,"Index, 2015=100",ACPI,Agricultural commodity price index,CP011,Food,FI,Finland,2019,,105.8032759,,e,estimated,,
dataflow,ESTAT:PRC_FSC_IDX(1.0),Food price monitoring tool,A,Annual,I15,"Index, 2015=100",ACPI,Agricultural commodity price index,CP011,Food,FI,Finland,2020,,105.2896264,,be,"break in time series, estimated",,
dataflow,ESTAT:PRC_FSC_IDX(1.0),Food price monitoring tool,A,Annual,I15,"Index, 2015=100",ACPI,Agricultural commodity price index,CP011,Food,FI,Finland,2021,,109.1306609,,e,estimated,,
dataflow,ESTAT:PRC_FSC_IDX(1.0),Food price monitoring tool,A,Annual,I15,"Index, 2015=100",ACPI,Agricultural commodity price index,CP011,Food,FI,Finland,2022,,131.2813506,,e,estimated,,
dataflow,ESTAT:PRC_FSC_IDX(1.0),Food price monitoring tool,A,Annual,I15,"Index, 2015=100",ACPI,Agricultural commodity price index,CP011,Food,FI,Finland,2023,,136.0771131,,e,estimated,,
dataflow,ESTAT:PRC_FSC_IDX(1.0),Food price monitoring tool,A,Annual,I15,"Index, 2015=100",ACPI,Agricultural commodity price index,CP011,Food,FI,Finland,2024,,134.4536364,,e,estimated,,
dataflow,ESTAT:PRC_FSC_IDX(1.0),Food price monitoring tool,A,Annual,I15,"Index, 2015=100",ACPI,Agricultural commodity price index,CP011,Food,FR,France,2016,,100.6811563,,e,estimated,,
dataflow,ESTAT:PRC_FSC_IDX(1.0),Food price monitoring tool,A,Annual,I15,"Index, 2015=100",ACPI,Agricultural commodity price index,CP011,Food,FR,France,2017,,103.6147396,,e,estimated,,
dataflow,ESTAT:PRC_FSC_IDX(1.0),Food price monitoring tool,A,Annual,I15,"Index, 2015=100",ACPI,Agricultural commodity price index,CP011,Food,FR,France,2018,,105.0154948,,e,estimated,,
dataflow,ESTAT:PRC_FSC_IDX(1.0),Food price monitoring tool,A,Annual,I15,"Index, 2015=100",ACPI,Agricultural commodity price index,CP011,Food,FR,France,2019,,107.3067708,,e,estimated,,
dataflow,ESTAT:PRC_FSC_IDX(1.0),Food price monitoring tool,A,Annual,I15,"Index, 2015=100",ACPI,Agricultural commodity price index,CP011,Food,FR,France,2020,,109.7453906,,be,"break in time series, estimated",,
dataflow,ESTAT:PRC_FSC_IDX(1.0),Food price monitoring tool,A,Annual,I15,"Index, 2015=100",ACPI,Agricultural commodity price index,CP011,Food,FR,France,2021,,115.7177865,,e,estimated,,
dataflow,ESTAT:PRC_FSC_IDX(1.0),Food price monitoring tool,A,Annual,I15,"Index, 2015=100",ACPI,Agricultural commodity price index,CP011,Food,FR,France,2022,,136.0706771,,e,estimated,,
dataflow,ESTAT:PRC_FSC_IDX(1.0),Food price monitoring tool,A,Annual,I15,"Index, 2015=100",ACPI,Agricultural commodity price index,CP011,Food,FR,France,2023,,142.993776,,e,estimated,,
dataflow,ESTAT:PRC_FSC_IDX(1.0),Food price monitoring tool,A,Annual,I15,"Index, 2015=100",ACPI,Agricultural commodity price index,CP011,Food,FR,France,2024,,143.4524359,,e,estimated,,
dataflow,ESTAT:PRC_FSC_IDX(1.0),Food price monitoring tool,A,Annual,I15,"Index, 2015=100",ACPI,Agricultural commodity price index,CP011,Food,DE,Germany,2016,,100.4421875,,e,estimated,,
dataflow,ESTAT:PRC_FSC_IDX(1.0),Food price monitoring tool,A,Annual,I15,"Index, 2015=100",ACPI,Agricultural commodity price index,CP011,Food,DE,Germany,2017,,106.365625,,e,estimated,,
dataflow,ESTAT:PRC_FSC_IDX(1.0),Food price monitoring tool,A,Annual,I15,"Index, 2015=100",ACPI,Agricultural commodity price index,CP011,Food,DE,Germany,2018,,107.8046875,,e,estimated,,
dataflow,ESTAT:PRC_FSC_IDX(1.0),Food price monitoring tool,A,Annual,I15,"Index, 2015=100",ACPI,Agricultural commodity price index,CP011,Food,DE,Germany,2019,,108.6757813,,e,estimated,,
dataflow,ESTAT:PRC_FSC_IDX(1.0),Food price monitoring tool,A,Annual,I15,"Index, 2015=100",ACPI,Agricultural commodity price index,CP011,Food,DE,Germany,2020,,110.3914063,,be,"break in time series, estimated",,
dataflow,ESTAT:PRC_FSC_IDX(1.0),Food price monitoring tool,A,Annual,I15,"Index, 2015=100",ACPI,Agricultural commodity price index,CP011,Food,DE,Germany,2021,,116.9010417,,e,estimated,,
dataflow,ESTAT:PRC_FSC_IDX(1.0),Food price monitoring tool,A,Annual,I15,"Index, 2015=100",ACPI,Agricultural commodity price index,CP011,Food,DE,Germany,2022,,141.48125,,e,estimated,,
dataflow,ESTAT:PRC_FSC_IDX(1.0),Food price monitoring tool,A,Annual,I15,"Index, 2015=100",ACPI,Agricultural commodity price index,CP011,Food,DE,Germany,2023,,145.875,,e,estimated,,
dataflow,ESTAT:PRC_FSC_IDX(1.0),Food price monitoring tool,A,Annual,I15,"Index, 2015=100",ACPI,Agricultural commodity price index,CP011,Food,DE,Germany,2024,,147.4266026,,e,estimated,,
dataflow,ESTAT:PRC_FSC_IDX(1.0),Food price monitoring tool,A,Annual,I15,"Index, 2015=100",ACPI,Agricultural commodity price index,CP011,Food,EL,Greece,2016,,99.2373,,e,estimated,,
dataflow,ESTAT:PRC_FSC_IDX(1.0),Food price monitoring tool,A,Annual,I15,"Index, 2015=100",ACPI,Agricultural commodity price index,CP011,Food,EL,Greece,2017,,101.61575,,e,estimated,,
dataflow,ESTAT:PRC_FSC_IDX(1.0),Food price monitoring tool,A,Annual,I15,"Index, 2015=100",ACPI,Agricultural commodity price index,CP011,Food,EL,Greece,2018,,101.8206667,,e,estimated,,
dataflow,ESTAT:PRC_FSC_IDX(1.0),Food price monitoring tool,A,Annual,I15,"Index, 2015=100",ACPI,Agricultural commodity price index,CP011,Food,EL,Greece,2019,,103.4403056,,e,estimated,,
dataflow,ESTAT:PRC_FSC_IDX(1.0),Food price monitoring tool,A,Annual,I15,"Index, 2015=100",ACPI,Agricultural commodity price index,CP011,Food,EL,Greece,2020,,104.1161944,,be,"break in time series, estimated",,
dataflow,ESTAT:PRC_FSC_IDX(1.0),Food price monitoring tool,A,Annual,I15,"Index, 2015=100",ACPI,Agricultural commodity price index,CP011,Food,EL,Greece,2021,,108.3073611,,e,estimated,,
dataflow,ESTAT:PRC_FSC_IDX(1.0),Food price monitoring tool,A,Annual,I15,"Index, 2015=100",ACPI,Agricultural commodity price index,CP011,Food,EL,Greece,2022,,126.3848611,,e,estimated,,
dataflow,ESTAT:PRC_FSC_IDX(1.0),Food price monitoring tool,A,Annual,I15,"Index, 2015=100",ACPI,Agricultural commodity price index,CP011,Food,EL,Greece,2023,,134.9336944,,e,estimated,,
dataflow,ESTAT:PRC_FSC_IDX(1.0),Food price monitoring tool,A,Annual,I15,"Index, 2015=100",ACPI,Agricultural commodity price index,CP011,Food,EL,Greece,2024,,138.8482639,,e,estimated,,
dataflow,ESTAT:PRC_FSC_IDX(1.0),Food price monitoring tool,A,Annual,I15,"Index, 2015=100",ACPI,Agricultural commodity price index,CP011,Food,HU,Hungary,2016,,100.8493793,,e,estimated,,
dataflow,ESTAT:PRC_FSC_IDX(1.0),Food price monitoring tool,A,Annual,I15,"Index, 2015=100",ACPI,Agricultural commodity price index,CP011,Food,HU,Hungary,2017,,105.419023,,e,estimated,,
dataflow,ESTAT:PRC_FSC_IDX(1.0),Food price monitoring tool,A,Annual,I15,"Index, 2015=100",ACPI,Agricultural commodity price index,CP011,Food,HU,Hungary,2018,,108.4326437,,e,estimated,,
dataflow,ESTAT:PRC_FSC_IDX(1.0),Food price monitoring tool,A,Annual,I15,"Index, 2015=100",ACPI,Agricultural commodity price index,CP011,Food,HU,Hungary,2019,,114.9723563,,e,estimated,,
dataflow,ESTAT:PRC_FSC_IDX(1.0),Food price monitoring tool,A,Annual,I15,"Index, 2015=100",ACPI,Agricultural commodity price index,CP011,Food,HU,Hungary,2020,,124.5814368,,be,"break in time series, estimated",,
dataflow,ESTAT:PRC_FSC_IDX(1.0),Food price monitoring tool,A,Annual,I15,"Index, 2015=100",ACPI,Agricultural commodity price index,CP011,Food,HU,Hungary,2021,,136.7471552,,e,estimated,,
dataflow,ESTAT:PRC_FSC_IDX(1.0),Food price monitoring tool,A,Annual,I15,"Index, 2015=100",ACPI,Agricultural commodity price index,CP011,Food,HU,Hungary,2022,,184.8627874,,e,estimated,,
dataflow,ESTAT:PRC_FSC_IDX(1.0),Food price monitoring tool,A,Annual,I15,"Index, 2015=100",ACPI,Agricultural commodity price index,CP011,Food,HU,Hungary,2023,,200.6036782,,e,estimated,,
dataflow,ESTAT:PRC_FSC_IDX(1.0),Food price monitoring tool,A,Annual,I15,"Index, 2015=100",ACPI,Agricultural commodity price index,CP011,Food,HU,Hungary,2024,,200.9842391,,e,estimated,,
dataflow,ESTAT:PRC_FSC_IDX(1.0),Food price monitoring tool,A,Annual,I15,"Index, 2015=100",ACPI,Agricultural commodity price index,CP011,Food,IE,Ireland,2016,,98.90375,,e,estimated,,
dataflow,ESTAT:PRC_FSC_IDX(1.0),Food price monitoring tool,A,Annual,I15,"Index, 2015=100",ACPI,Agricultural commodity price index,CP011,Food,IE,Ireland,2017,,101.4989583,,e,estimated,,
dataflow,ESTAT:PRC_FSC_IDX(1.0),Food price monitoring tool,A,Annual,I15,"Index, 2015=100",ACPI,Agricultural commodity price index,CP011,Food,IE,Ireland,2018,,103.1673401,,e,estimated,,
dataflow,ESTAT:PRC_FSC_IDX(1.0),Food price monitoring tool,A,Annual,I15,"Index, 2015=100",ACPI,Agricultural commodity price index,CP011,Food,IE,Ireland,2019,,103.6023569,,e,estimated,,
dataflow,ESTAT:PRC_FSC_IDX(1.0),Food price monitoring tool,A,Annual,I15,"Index, 2015=100",ACPI,Agricultural commodity price index,CP011,Food,IE,Ireland,2020,,104.2791246,,be,"break in time series, estimated",,
dataflow,ESTAT:PRC_FSC_IDX(1.0),Food price monitoring tool,A,Annual,I15,"Index, 2015=100",ACPI,Agricultural commodity price index,CP011,Food,IE,Ireland,2021,,110.9255892,,e,estimated,,
dataflow,ESTAT:PRC_FSC_IDX(1.0),Food price monitoring tool,A,Annual,I15,"Index, 2015=100",ACPI,Agricultural commodity price index,CP011,Food,IE,Ireland,2022,,126.556229,,e,estimated,,
dataflow,ESTAT:PRC_FSC_IDX(1.0),Food price monitoring tool,A,Annual,I15,"Index, 2015=100",ACPI,Agricultural commodity price index,CP011,Food,IE,Ireland,2023,,133.9057239,,e,estimated,,
dataflow,ESTAT:PRC_FSC_IDX(1.0),Food price monitoring tool,A,Annual,I15,"Index, 2015=100",ACPI,Agricultural commodity price index,CP011,Food,IE,Ireland,2024,,132.6833333,,e,estimated,,
dataflow,ESTAT:PRC_FSC_IDX(1.0),Food price monitoring tool,A,Annual,I15,"Index, 2015=100",ACPI,Agricultural commodity price index,CP011,Food,IT,Italy,2016,,99.1203125,,e,estimated,,
dataflow,ESTAT:PRC_FSC_IDX(1.0),Food price monitoring tool,A,Annual,I15,"Index, 2015=100",ACPI,Agricultural commodity price index,CP011,Food,IT,Italy,2017,,103.4171875,,e,estimated,,
dataflow,ESTAT:PRC_FSC_IDX(1.0),Food price monitoring tool,A,Annual,I15,"Index, 2015=100",ACPI,Agricultural commodity price index,CP011,Food,IT,Italy,2018,,103.5005208,,e,estimated,,
dataflow,ESTAT:PRC_FSC_IDX(1.0),Food price monitoring tool,A,Annual,I15,"Index, 2015=100",ACPI,Agricultural commodity price index,CP011,Food,IT,Italy,2019,,104.8341146,,e,estimated,,
dataflow,ESTAT:PRC_FSC_IDX(1.0),Food price monitoring tool,A,Annual,I15,"Index, 2015=100",ACPI,Agricultural commodity price index,CP011,Food,IT,Italy,2020,,106.3070313,,e,estimated,,
dataflow,ESTAT:PRC_FSC_IDX(1.0),Food price monitoring tool,A,Annual,I15,"Index, 2015=100",ACPI,Agricultural commodity price index,CP011,Food,IT,Italy,2021,,112.4841146,,e,estimated,,
dataflow,ESTAT:PRC_FSC_IDX(1.0),Food price monitoring tool,A,Annual,I15,"Index, 2015=100",ACPI,Agricultural commodity price index,CP011,Food,IT,Italy,2022,,133.1072917,,e,estimated,,
dataflow,ESTAT:PRC_FSC_IDX(1.0),Food price monitoring tool,A,Annual,I15,"Index, 2015=100",ACPI,Agricultural commodity price index,CP011,Food,IT,Italy,2023,,138.7385675,,e,estimated,,
dataflow,ESTAT:PRC_FSC_IDX(1.0),Food price monitoring tool,A,Annual,I15,"Index, 2015=100",HICP,Harmonised index of consumer prices,CP011,Food,IT,Italy,2024,,139.8982818,,,,,
dataflow,ESTAT:PRC_FSC_IDX(1.0),Food price monitoring tool,A,Annual,I15,"Index, 2015=100",ACPI,Agricultural commodity price index,CP011,Food,LV,Latvia,2016,,101.58572,,e,estimated,,
dataflow,ESTAT:PRC_FSC_IDX(1.0),Food price monitoring tool,A,Annual,I15,"Index, 2015=100",ACPI,Agricultural commodity price index,CP011,Food,LV,Latvia,2017,,109.0282667,,e,estimated,,
dataflow,ESTAT:PRC_FSC_IDX(1.0),Food price monitoring tool,A,Annual,I15,"Index, 2015=100",ACPI,Agricultural commodity price index,CP011,Food,LV,Latvia,2018,,110.8993,,e,estimated,,
dataflow,ESTAT:PRC_FSC_IDX(1.0),Food price monitoring tool,A,Annual,I15,"Index, 2015=100",ACPI,Agricultural commodity price index,CP011,Food,LV,Latvia,2019,,116.8034,,e,estimated,,
dataflow,ESTAT:PRC_FSC_IDX(1.0),Food price monitoring tool,A,Annual,I15,"Index, 2015=100",ACPI,Agricultural commodity price index,CP011,Food,LV,Latvia,2020,,118.7058333,,be,"break in time series, estimated",,
dataflow,ESTAT:PRC_FSC_IDX(1.0),Food price monitoring tool,A,Annual,I15,"Index, 2015=100",ACPI,Agricultural commodity price index,CP011,Food,LV,Latvia,2021,,126.8888667,,e,estimated,,
dataflow,ESTAT:PRC_FSC_IDX(1.0),Food price monitoring tool,A,Annual,I15,"Index, 2015=100",ACPI,Agricultural commodity price index,CP011,Food,LV,Latvia,2022,,159.9348,,e,estimated,,
dataflow,ESTAT:PRC_FSC_IDX(1.0),Food price monitoring tool,A,Annual,I15,"Index, 2015=100",ACPI,Agricultural commodity price index,CP011,Food,LV,Latvia,2023,,164.2189667,,e,estimated,,
dataflow,ESTAT:PRC_FSC_IDX(1.0),Food price monitoring tool,A,Annual,I15,"Index, 2015=100",ACPI,Agricultural commodity price index,CP011,Food,LV,Latvia,2024,,164.3497807,,e,estimated,,
dataflow,ESTAT:PRC_FSC_IDX(1.0),Food price monitoring tool,A,Annual,I15,"Index, 2015=100",ACPI,Agricultural commodity price index,CP011,Food,LT,Lithuania,2016,,102.2336333,,e,estimated,,
dataflow,ESTAT:PRC_FSC_IDX(1.0),Food price monitoring tool,A,Annual,I15,"Index, 2015=100",ACPI,Agricultural commodity price index,CP011,Food,LT,Lithuania,2017,,108.92975,,e,estimated,,
dataflow,ESTAT:PRC_FSC_IDX(1.0),Food price monitoring tool,A,Annual,I15,"Index, 2015=100",ACPI,Agricultural commodity price index,CP011,Food,LT,Lithuania,2018,,110.9672222,,e,estimated,,
dataflow,ESTAT:PRC_FSC_IDX(1.0),Food price monitoring tool,A,Annual,I15,"Index, 2015=100",ACPI,Agricultural commodity price index,CP011,Food,LT,Lithuania,2019,,113.9830278,,e,estimated,,
dataflow,ESTAT:PRC_FSC_IDX(1.0),Food price monitoring tool,A,Annual,I15,"Index, 2015=100",ACPI,Agricultural commodity price index,CP011,Food,LT,Lithuania,2020,,116.0012778,,be,"break in time series, estimated",,
dataflow,ESTAT:PRC_FSC_IDX(1.0),Food price monitoring tool,A,Annual,I15,"Index, 2015=100",ACPI,Agricultural commodity price index,CP011,Food,LT,Lithuania,2021,,122.5342778,,e,estimated,,
dataflow,ESTAT:PRC_FSC_IDX(1.0),Food price monitoring tool,A,Annual,I15,"Index, 2015=100",ACPI,Agricultural commodity price index,CP011,Food,LT,Lithuania,2022,,157.7917778,,e,estimated,,
dataflow,ESTAT:PRC_FSC_IDX(1.0),Food price monitoring tool,A,Annual,I15,"Index, 2015=100",ACPI,Agricultural commodity price index,CP011,Food,LT,Lithuania,2023,,162.3737222,,e,estimated,,
dataflow,ESTAT:PRC_FSC_IDX(1.0),Food price monitoring tool,A,Annual,I15,"Index, 2015=100",ACPI,Agricultural commodity price index,CP011,Food,LT,Lithuania,2024,,164.1570486,,e,estimated,,
dataflow,ESTAT:PRC_FSC_IDX(1.0),Food price monitoring tool,A,Annual,I15,"Index, 2015=100",ACPI,Agricultural commodity price index,CP011,Food,LU,Luxembourg,2016,,101.657265,,e,estimated,,
dataflow,ESTAT:PRC_FSC_IDX(1.0),Food price monitoring tool,A,Annual,I15,"Index, 2015=100",ACPI,Agricultural commodity price index,CP011,Food,LU,Luxembourg,2017,,105.1292029,,e,estimated,,
dataflow,ESTAT:PRC_FSC_IDX(1.0),Food price monitoring tool,A,Annual,I15,"Index, 2015=100",ACPI,Agricultural commodity price index,CP011,Food,LU,Luxembourg,2018,,106.7073551,,e,estimated,,
dataflow,ESTAT:PRC_FSC_IDX(1.0),Food price monitoring tool,A,Annual,I15,"Index, 2015=100",ACPI,Agricultural commodity price index,CP011,Food,LU,Luxembourg,2019,,108.342971,,e,estimated,,
dataflow,ESTAT:PRC_FSC_IDX(1.0),Food price monitoring tool,A,Annual,I15,"Index, 2015=100",ACPI,Agricultural commodity price index,CP011,Food,LU,Luxembourg,2020,,110.411087,,be,"break in time series, estimated",,
dataflow,ESTAT:PRC_FSC_IDX(1.0),Food price monitoring tool,A,Annual,I15,"Index, 2015=100",ACPI,Agricultural commodity price index,CP011,Food,LU,Luxembourg,2021,,113.451087,,e,estimated,,
dataflow,ESTAT:PRC_FSC_IDX(1.0),Food price monitoring tool,A,Annual,I15,"Index, 2015=100",ACPI,Agricultural commodity price index,CP011,Food,LU,Luxembourg,2022,,128.6923913,,e,estimated,,
dataflow,ESTAT:PRC_FSC_IDX(1.0),Food price monitoring tool,A,Annual,I15,"Index, 2015=100",ACPI,Agricultural commodity price index,CP011,Food,LU,Luxembourg,2023,,134.9701449,,e,estimated,,
dataflow,ESTAT:PRC_FSC_IDX(1.0),Food price monitoring tool,A,Annual,I15,"Index, 2015=100",ACPI,Agricultural commodity price index,CP011,Food,LU,Luxembourg,2024,,134.8824537,,e,estimated,,
dataflow,ESTAT:PRC_FSC_IDX(1.0),Food price monitoring tool,A,Annual,I15,"Index, 2015=100",ACPI,Agricultural commodity price index,CP011,Food,MT,Malta,2016,,102.4653043,,e,estimated,,
dataflow,ESTAT:PRC_FSC_IDX(1.0),Food price monitoring tool,A,Annual,I15,"Index, 2015=100",ACPI,Agricultural commodity price index,CP011,Food,MT,Malta,2017,,104.2602174,,e,estimated,,
dataflow,ESTAT:PRC_FSC_IDX(1.0),Food price monitoring tool,A,Annual,I15,"Index, 2015=100",ACPI,Agricultural commodity price index,CP011,Food,MT,Malta,2018,,107.4172464,,e,estimated,,
dataflow,ESTAT:PRC_FSC_IDX(1.0),Food price monitoring tool,A,Annual,I15,"Index, 2015=100",ACPI,Agricultural commodity price index,CP011,Food,MT,Malta,2019,,111.8394203,,e,estimated,,
dataflow,ESTAT:PRC_FSC_IDX(1.0),Food price monitoring tool,A,Annual,I15,"Index, 2015=100",ACPI,Agricultural commodity price index,CP011,Food,MT,Malta,2020,,114.9617391,,be,"break in time series, estimated",,
dataflow,ESTAT:PRC_FSC_IDX(1.0),Food price monitoring tool,A,Annual,I15,"Index, 2015=100",ACPI,Agricultural commodity price index,CP011,Food,MT,Malta,2021,,121.5932246,,e,estimated,,
dataflow,ESTAT:PRC_FSC_IDX(1.0),Food price monitoring tool,A,Annual,I15,"Index, 2015=100",ACPI,Agricultural commodity price index,CP011,Food,MT,Malta,2022,,138.9858696,,e,estimated,,
dataflow,ESTAT:PRC_FSC_IDX(1.0),Food price monitoring tool,A,Annual,I15,"Index, 2015=100",ACPI,Agricultural commodity price index,CP011,Food,MT,Malta,2023,,150.0418841,,e,estimated,,
dataflow,ESTAT:PRC_FSC_IDX(1.0),Food price monitoring tool,A,Annual,I15,"Index, 2015=100",ACPI,Agricultural commodity price index,CP011,Food,MT,Malta,2024,,150.7074324,,e,estimated,,
dataflow,ESTAT:PRC_FSC_IDX(1.0),Food price monitoring tool,A,Annual,I15,"Index, 2015=100",ACPI,Agricultural commodity price index,CP011,Food,NL,Netherlands,2016,,100.1215,,e,estimated,,
dataflow,ESTAT:PRC_FSC_IDX(1.0),Food price monitoring tool,A,Annual,I15,"Index, 2015=100",ACPI,Agricultural commodity price index,CP011,Food,NL,Netherlands,2017,,105.5460833,,e,estimated,,
dataflow,ESTAT:PRC_FSC_IDX(1.0),Food price monitoring tool,A,Annual,I15,"Index, 2015=100",ACPI,Agricultural commodity price index,CP011,Food,NL,Netherlands,2018,,106.8531667,,e,estimated,,
dataflow,ESTAT:PRC_FSC_IDX(1.0),Food price monitoring tool,A,Annual,I15,"Index, 2015=100",ACPI,Agricultural commodity price index,CP011,Food,NL,Netherlands,2019,,109.53625,,e,estimated,,
dataflow,ESTAT:PRC_FSC_IDX(1.0),Food price monitoring tool,A,Annual,I15,"Index, 2015=100",ACPI,Agricultural commodity price index,CP011,Food,NL,Netherlands,2020,,110.8343611,,be,"break in time series, estimated",,
dataflow,ESTAT:PRC_FSC_IDX(1.0),Food price monitoring tool,A,Annual,I15,"Index, 2015=100",ACPI,Agricultural commodity price index,CP011,Food,NL,Netherlands,2021,,115.91425,,e,estimated,,
dataflow,ESTAT:PRC_FSC_IDX(1.0),Food price monitoring tool,A,Annual,I15,"Index, 2015=100",ACPI,Agricultural commodity price index,CP011,Food,NL,Netherlands,2022,,137.6118333,,e,estimated,,
dataflow,ESTAT:PRC_FSC_IDX(1.0),Food price monitoring tool,A,Annual,I15,"Index, 2015=100",ACPI,Agricultural commodity price index,CP011,Food,NL,Netherlands,2023,,145.5115278,,e,estimated,,
dataflow,ESTAT:PRC_FSC_IDX(1.0),Food price monitoring tool,A,Annual,I15,"Index, 2015=100",ACPI,Agricultural commodity price index,CP011,Food,NL,Netherlands,2024,,146.217037,,e,estimated,,
dataflow,ESTAT:PRC_FSC_IDX(1.0),Food price monitoring tool,A,Annual,I15,"Index, 2015=100",ACPI,Agricultural commodity price index,CP011,Food,PL,Poland,2016,,103.6924092,,e,estimated,,
dataflow,ESTAT:PRC_FSC_IDX(1.0),Food price monitoring tool,A,Annual,I15,"Index, 2015=100",ACPI,Agricultural commodity price index,CP011,Food,PL,Poland,2017,,112.5082645,,e,estimated,,
dataflow,ESTAT:PRC_FSC_IDX(1.0),Food price monitoring tool,A,Annual,I15,"Index, 2015=100",ACPI,Agricultural commodity price index,CP011,Food,PL,Poland,2018,,114.6652893,,e,estimated,,
dataflow,ESTAT:PRC_FSC_IDX(1.0),Food price monitoring tool,A,Annual,I15,"Index, 2015=100",ACPI,Agricultural commodity price index,CP011,Food,PL,Poland,2019,,117.9936639,,e,estimated,,
dataflow,ESTAT:PRC_FSC_IDX(1.0),Food price monitoring tool,A,Annual,I15,"Index, 2015=100",ACPI,Agricultural commodity price index,CP011,Food,PL,Poland,2020,,123.8608815,,be,"break in time series, estimated",,
dataflow,ESTAT:PRC_FSC_IDX(1.0),Food price monitoring tool,A,Annual,I15,"Index, 2015=100",ACPI,Agricultural commodity price index,CP011,Food,PL,Poland,2021,,131.3393939,,e,estimated,,
dataflow,ESTAT:PRC_FSC_IDX(1.0),Food price monitoring tool,A,Annual,I15,"Index, 2015=100",ACPI,Agricultural commodity price index,CP011,Food,PL,Poland,2022,,164.6170799,,e,estimated,,
dataflow,ESTAT:PRC_FSC_IDX(1.0),Food price monitoring tool,A,Annual,I15,"Index, 2015=100",ACPI,Agricultural commodity price index,CP011,Food,PL,Poland,2023,,173.6727273,,e,estimated,,
dataflow,ESTAT:PRC_FSC_IDX(1.0),Food price monitoring tool,A,Annual,I15,"Index, 2015=100",ACPI,Agricultural commodity price index,CP011,Food,PL,Poland,2024,,168.2703704,,e,estimated,,
dataflow,ESTAT:PRC_FSC_IDX(1.0),Food price monitoring tool,A,Annual,I15,"Index, 2015=100",ACPI,Agricultural commodity price index,CP011,Food,PT,Portugal,2016,,101.2825676,,e,estimated,,
dataflow,ESTAT:PRC_FSC_IDX(1.0),Food price monitoring tool,A,Annual,I15,"Index, 2015=100",ACPI,Agricultural commodity price index,CP011,Food,PT,Portugal,2017,,103.6974011,,e,estimated,,
dataflow,ESTAT:PRC_FSC_IDX(1.0),Food price monitoring tool,A,Annual,I15,"Index, 2015=100",ACPI,Agricultural commodity price index,CP011,Food,PT,Portugal,2018,,105.3612712,,e,estimated,,
dataflow,ESTAT:PRC_FSC_IDX(1.0),Food price monitoring tool,A,Annual,I15,"Index, 2015=100",ACPI,Agricultural commodity price index,CP011,Food,PT,Portugal,2019,,107.434774,,e,estimated,,
dataflow,ESTAT:PRC_FSC_IDX(1.0),Food price monitoring tool,A,Annual,I15,"Index, 2015=100",ACPI,Agricultural commodity price index,CP011,Food,PT,Portugal,2020,,109.039209,,be,"break in time series, estimated",,
dataflow,ESTAT:PRC_FSC_IDX(1.0),Food price monitoring tool,A,Annual,I15,"Index, 2015=100",ACPI,Agricultural commodity price index,CP011,Food,PT,Portugal,2021,,113.8348588,,e,estimated,,
dataflow,ESTAT:PRC_FSC_IDX(1.0),Food price monitoring tool,A,Annual,I15,"Index, 2015=100",ACPI,Agricultural commodity price index,CP011,Food,PT,Portugal,2022,,139.2832768,,e,estimated,,
dataflow,ESTAT:PRC_FSC_IDX(1.0),Food price monitoring tool,A,Annual,I15,"Index, 2015=100",ACPI,Agricultural commodity price index,CP011,Food,PT,Portugal,2023,,150.8934463,,e,estimated,,
dataflow,ESTAT:PRC_FSC_IDX(1.0),Food price monitoring tool,A,Annual,I15,"Index, 2015=100",ACPI,Agricultural commodity price index,CP011,Food,PT,Portugal,2024,,151.0644912,,e,estimated,,
dataflow,ESTAT:PRC_FSC_IDX(1.0),Food price monitoring tool,A,Annual,I15,"Index, 2015=100",ACPI,Agricultural commodity price index,CP011,Food,RO,Romania,2016,,100.6911786,,e,estimated,,
dataflow,ESTAT:PRC_FSC_IDX(1.0),Food price monitoring tool,A,Annual,I15,"Index, 2015=100",ACPI,Agricultural commodity price index,CP011,Food,RO,Romania,2017,,105.3154762,,e,estimated,,
dataflow,ESTAT:PRC_FSC_IDX(1.0),Food price monitoring tool,A,Annual,I15,"Index, 2015=100",ACPI,Agricultural commodity price index,CP011,Food,RO,Romania,2018,,109.943125,,e,estimated,,
dataflow,ESTAT:PRC_FSC_IDX(1.0),Food price monitoring tool,A,Annual,I15,"Index, 2015=100",ACPI,Agricultural commodity price index,CP011,Food,RO,Romania,2019,,117.4101786,,e,estimated,,
dataflow,ESTAT:PRC_FSC_IDX(1.0),Food price monitoring tool,A,Annual,I15,"Index, 2015=100",ACPI,Agricultural commodity price index,CP011,Food,RO,Romania,2020,,121.9373214,,be,"break in time series, estimated",,
dataflow,ESTAT:PRC_FSC_IDX(1.0),Food price monitoring tool,A,Annual,I15,"Index, 2015=100",ACPI,Agricultural commodity price index,CP011,Food,RO,Romania,2021,,130.5771131,,e,estimated,,
dataflow,ESTAT:PRC_FSC_IDX(1.0),Food price monitoring tool,A,Annual,I15,"Index, 2015=100",ACPI,Agricultural commodity price index,CP011,Food,RO,Romania,2022,,157.6263988,,e,estimated,,
dataflow,ESTAT:PRC_FSC_IDX(1.0),Food price monitoring tool,A,Annual,I15,"Index, 2015=100",ACPI,Agricultural commodity price index,CP011,Food,RO,Romania,2023,,171.9977246,,e,estimated,,
dataflow,ESTAT:PRC_FSC_IDX(1.0),Food price monitoring tool,A,Annual,I15,"Index, 2015=100",ACPI,Agricultural commodity price index,CP011,Food,RO,Romania,2024,,174.7709167,,e,estimated,,
dataflow,ESTAT:PRC_FSC_IDX(1.0),Food price monitoring tool,A,Annual,I15,"Index, 2015=100",ACPI,Agricultural commodity price index,CP011,Food,SK,Slovakia,2016,,101.65832,,e,estimated,,
dataflow,ESTAT:PRC_FSC_IDX(1.0),Food price monitoring tool,A,Annual,I15,"Index, 2015=100",ACPI,Agricultural commodity price index,CP011,Food,SK,Slovakia,2017,,106.6916667,,e,estimated,,
dataflow,ESTAT:PRC_FSC_IDX(1.0),Food price monitoring tool,A,Annual,I15,"Index, 2015=100",ACPI,Agricultural commodity price index,CP011,Food,SK,Slovakia,2018,,106.9574,,e,estimated,,
dataflow,ESTAT:PRC_FSC_IDX(1.0),Food price monitoring tool,A,Annual,I15,"Index, 2015=100",ACPI,Agricultural commodity price index,CP011,Food,SK,Slovakia,2019,,110.4283333,,e,estimated,,
dataflow,ESTAT:PRC_FSC_IDX(1.0),Food price monitoring tool,A,Annual,I15,"Index, 2015=100",ACPI,Agricultural commodity price index,CP011,Food,SK,Slovakia,2020,,112.8318333,,be,"break in time series, estimated",,
dataflow,ESTAT:PRC_FSC_IDX(1.0),Food price monitoring tool,A,Annual,I15,"Index, 2015=100",ACPI,Agricultural commodity price index,CP011,Food,SK,Slovakia,2021,,119.4681333,,e,estimated,,
dataflow,ESTAT:PRC_FSC_IDX(1.0),Food price monitoring tool,A,Annual,I15,"Index, 2015=100",ACPI,Agricultural commodity price index,CP011,Food,SK,Slovakia,2022,,145.8913667,,e,estimated,,
dataflow,ESTAT:PRC_FSC_IDX(1.0),Food price monitoring tool,A,Annual,I15,"Index, 2015=100",ACPI,Agricultural commodity price index,CP011,Food,SK,Slovakia,2023,,158.8389333,,e,estimated,,
dataflow,ESTAT:PRC_FSC_IDX(1.0),Food price monitoring tool,A,Annual,I15,"Index, 2015=100",ACPI,Agricultural commodity price index,CP011,Food,SK,Slovakia,2024,,165.1524123,,e,estimated,,
dataflow,ESTAT:PRC_FSC_IDX(1.0),Food price monitoring tool,A,Annual,I15,"Index, 2015=100",ACPI,Agricultural commodity price index,CP011,Food,SI,Slovenia,2016,,99.84836667,,e,estimated,,
dataflow,ESTAT:PRC_FSC_IDX(1.0),Food price monitoring tool,A,Annual,I15,"Index, 2015=100",ACPI,Agricultural commodity price index,CP011,Food,SI,Slovenia,2017,,104.2358056,,e,estimated,,
dataflow,ESTAT:PRC_FSC_IDX(1.0),Food price monitoring tool,A,Annual,I15,"Index, 2015=100",ACPI,Agricultural commodity price index,CP011,Food,SI,Slovenia,2018,,105.3573611,,e,estimated,,
dataflow,ESTAT:PRC_FSC_IDX(1.0),Food price monitoring tool,A,Annual,I15,"Index, 2015=100",ACPI,Agricultural commodity price index,CP011,Food,SI,Slovenia,2019,,106.7805322,,e,estimated,,
dataflow,ESTAT:PRC_FSC_IDX(1.0),Food price monitoring tool,A,Annual,I15,"Index, 2015=100",ACPI,Agricultural commodity price index,CP011,Food,SI,Slovenia,2020,,108.5579722,,be,"break in time series, estimated",,
dataflow,ESTAT:PRC_FSC_IDX(1.0),Food price monitoring tool,A,Annual,I15,"Index, 2015=100",ACPI,Agricultural commodity price index,CP011,Food,SI,Slovenia,2021,,114.3504802,,e,estimated,,
dataflow,ESTAT:PRC_FSC_IDX(1.0),Food price monitoring tool,A,Annual,I15,"Index, 2015=100",ACPI,Agricultural commodity price index,CP011,Food,SI,Slovenia,2022,,139.349096,,e,estimated,,
dataflow,ESTAT:PRC_FSC_IDX(1.0),Food price monitoring tool,A,Annual,I15,"Index, 2015=100",ACPI,Agricultural commodity price index,CP011,Food,SI,Slovenia,2023,,148.3983051,,e,estimated,,
dataflow,ESTAT:PRC_FSC_IDX(1.0),Food price monitoring tool,A,Annual,I15,"Index, 2015=100",ACPI,Agricultural commodity price index,CP011,Food,SI,Slovenia,2024,,148.0418246,,e,estimated,,
dataflow,ESTAT:PRC_FSC_IDX(1.0),Food price monitoring tool,A,Annual,I15,"Index, 2015=100",ACPI,Agricultural commodity price index,CP011,Food,ES,Spain,2016,,99.54681388,,e,estimated,,
dataflow,ESTAT:PRC_FSC_IDX(1.0),Food price monitoring tool,A,Annual,I15,"Index, 2015=100",ACPI,Agricultural commodity price index,CP011,Food,ES,Spain,2017,,103.2005249,,e,estimated,,
dataflow,ESTAT:PRC_FSC_IDX(1.0),Food price monitoring tool,A,Annual,I15,"Index, 2015=100",ACPI,Agricultural commodity price index,CP011,Food,ES,Spain,2018,,103.4069816,,e,estimated,,
dataflow,ESTAT:PRC_FSC_IDX(1.0),Food price monitoring tool,A,Annual,I15,"Index, 2015=100",ACPI,Agricultural commodity price index,CP011,Food,ES,Spain,2019,,103.1314173,,e,estimated,,
dataflow,ESTAT:PRC_FSC_IDX(1.0),Food price monitoring tool,A,Annual,I15,"Index, 2015=100",ACPI,Agricultural commodity price index,CP011,Food,ES,Spain,2020,,104.7377953,,be,"break in time series, estimated",,
dataflow,ESTAT:PRC_FSC_IDX(1.0),Food price monitoring tool,A,Annual,I15,"Index, 2015=100",ACPI,Agricultural commodity price index,CP011,Food,ES,Spain,2021,,111.2228084,,e,estimated,,
dataflow,ESTAT:PRC_FSC_IDX(1.0),Food price monitoring tool,A,Annual,I15,"Index, 2015=100",ACPI,Agricultural commodity price index,CP011,Food,ES,Spain,2022,,134.246168,,e,estimated,,
dataflow,ESTAT:PRC_FSC_IDX(1.0),Food price monitoring tool,A,Annual,I15,"Index, 2015=100",ACPI,Agricultural commodity price index,CP011,Food,ES,Spain,2023,,145.243727,,e,estimated,,
dataflow,ESTAT:PRC_FSC_IDX(1.0),Food price monitoring tool,A,Annual,I15,"Index, 2015=100",ACPI,Agricultural commodity price index,CP011,Food,ES,Spain,2024,,148.4872436,,e,estimated,,
dataflow,ESTAT:PRC_FSC_IDX(1.0),Food price monitoring tool,A,Annual,I15,"Index, 2015=100",ACPI,Agricultural commodity price index,CP011,Food,SE,Sweden,2016,,102.0493667,,e,estimated,,
dataflow,ESTAT:PRC_FSC_IDX(1.0),Food price monitoring tool,A,Annual,I15,"Index, 2015=100",ACPI,Agricultural commodity price index,CP011,Food,SE,Sweden,2017,,108.0406111,,e,estimated,,
dataflow,ESTAT:PRC_FSC_IDX(1.0),Food price monitoring tool,A,Annual,I15,"Index, 2015=100",ACPI,Agricultural commodity price index,CP011,Food,SE,Sweden,2018,,112.7201667,,e,estimated,,
dataflow,ESTAT:PRC_FSC_IDX(1.0),Food price monitoring tool,A,Annual,I15,"Index, 2015=100",ACPI,Agricultural commodity price index,CP011,Food,SE,Sweden,2019,,116.7816667,,e,estimated,,
dataflow,ESTAT:PRC_FSC_IDX(1.0),Food price monitoring tool,A,Annual,I15,"Index, 2015=100",ACPI,Agricultural commodity price index,CP011,Food,SE,Sweden,2020,,119.6586944,,e,estimated,,
dataflow,ESTAT:PRC_FSC_IDX(1.0),Food price monitoring tool,A,Annual,I15,"Index, 2015=100",ACPI,Agricultural commodity price index,CP011,Food,SE,Sweden,2021,,122.06275,,e,estimated,,
dataflow,ESTAT:PRC_FSC_IDX(1.0),Food price monitoring tool,A,Annual,I15,"Index, 2015=100",ACPI,Agricultural commodity price index,CP011,Food,SE,Sweden,2022,,149.495,,e,estimated,,
dataflow,ESTAT:PRC_FSC_IDX(1.0),Food price monitoring tool,A,Annual,I15,"Index, 2015=100",ACPI,Agricultural commodity price index,CP011,Food,SE,Sweden,2023,,160.1320944,,e,estimated,,
dataflow,ESTAT:PRC_FSC_IDX(1.0),Food price monitoring tool,A,Annual,I15,"Index, 2015=100",HICP,Harmonised index of consumer prices,CP011,Food,SE,Sweden,2024,,161.8141199,,,,,
